{
    "AF": [33.9391, 67.71],
    "AL": [41.1533, 20.1683],
    "DZ": [28.0339, 1.6596],
    "AD": [42.5462, 1.6016],
    "AO": [-11.2027, 17.8739],
    "AG": [17.0608, -61.7964],
    "AR": [-38.4161, -63.6167],
    "AM": [40.0691, 45.0382],
    "AU": [-25.2744, 133.7751],
    "AT": [47.5162, 14.5501],
    "AZ": [40.1431, 47.5769],
    "BS": [25.0343, -77.3963],
    "BH": [26.0667, 50.5577],
    "BD": [23.685, 90.3563],
    "BB": [13.1939, -59.5432],
    "BY": [53.9006, 27.559],
    "BE": [50.8503, 4.3517],
    "BZ": [17.1899, -88.4976],
    "BJ": [9.3077, 2.3158],
    "BT": [27.5142, 90.4336],
    "BO": [-16.2902, -63.5887],
    "BA": [43.9159, 17.6791],
    "BW": [-22.3285, 24.6849],
    "BR": [-14.235, -51.9253],
    "BN": [4.5353, 114.7277],
    "BG": [42.7339, 25.4858],
    "BF": [12.2383, -1.5616],
    "BI": [-3.3731, 29.9189],
    "KH": [12.5657, 104.991],
    "CM": [7.3697, 12.3547],
    "CA": [56.1304, -106.3468],
    "CV": [16.5388, -23.0418],
    "CF": [6.6111, 20.9394],
    "TD": [15.4542, 18.7322],
    "CL": [-35.6751, -71.543],
    "CN": [35.8617, 104.1954],
    "CO": [4.5709, -74.2973],
    "KM": [-11.6455, 43.3333],
    "CG": [-0.228, 15.8277],
    "CD": [-4.0383, 21.7587],
    "CR": [9.7489, -83.7534],
    "CI": [7.5399, -5.5471],
    "HR": [45.1, 15.2],
    "CU": [21.5218, -77.7812],
    "CY": [35.1264, 33.4299],
    "CZ": [49.8175, 15.4729],
    "DK": [56.2639, 9.5018],
    "DJ": [11.8251, 42.5903],
    "DO": [18.7357, -70.1627],
    "EC": [-1.8312, -78.1834],
    "EG": [26.8206, 30.8025],
    "SV": [13.7942, -88.8965],
    "GQ": [1.6508, 10.2679],
    "ER": [15.1794, 39.7823],
    "EE": [58.5953, 25.0136],
    "ET": [9.145, 40.4897],
    "FI": [61.9241, 25.7482],
    "FR": [46.6034, 1.8883],
    "DE": [51.1657, 10.4515],
    "GH": [7.9465, -1.0232],
    "GR": [39.0742, 21.8243],
    "GT": [15.7835, -90.2308],
    "HT": [18.9712, -72.2852],
    "HU": [47.1625, 19.5033],
    "IN": [20.5937, 78.9629],
    "ID": [-0.7893, 113.9213],
    "IR": [32.4279, 53.688],
    "IQ": [33.2232, 43.6793],
    "IE": [53.4129, -8.2439],
    "IL": [31.0461, 34.8516],
    "IT": [41.8719, 12.5674],
    "JP": [36.2048, 138.2529],
    "KE": [-1.286389, 36.817223],
    "KR": [35.9078, 127.7669],
    "MY": [4.2105, 101.9758],
    "MX": [23.6345, -102.5528],
    "NL": [52.1326, 5.2913],
    "NZ": [-40.9006, 174.886],
    "NG": [9.082, 8.6753],
    "NO": [60.472, 8.4689],
    "PK": [30.3753, 69.3451],
    "PH": [12.8797, 121.774],
    "PL": [51.9194, 19.1451],
    "PT": [39.3999, -8.2245],
    "RU": [61.524, 105.3188],
    "ZA": [-30.5595, 22.9375],
    "ES": [40.4637, -3.7492],
    "SE": [60.1282, 18.6435],
    "CH": [46.8182, 8.2275],
    "TH": [15.87, 100.9925],
    "TR": [38.9637, 35.2433],
    "UA": [48.3794, 31.1656],
    "GB": [55.3781, -3.436],
    "US": [37.0902, -95.7129],
    "VN": [14.0583, 108.2772]
  }
  